Hyundai Колесные,"2013 г.,дизель,руль слева, 10 000 км",$ 47 999,https://im.mashina.kg/tachka/images//d/3/b/d3bd6d583f014d7eba7de98940063ec3_240x180.jpg
JCB Гусеничные,"2020 г.,дизель,руль слева",$ 300 000,https://im.mashina.kg/tachka/images//0/6/9/0692464f1f6a4cf67d0fdd64d287d8b7_240x180.jpg
JCB 3CX,"2020 г.,дизель,руль слева",$ 92 000,https://im.mashina.kg/tachka/images//5/8/3/583a5107e72c49afef52e7674639b743_240x180.jpg
JCB Гусеничные,"2021 г.,дизель,руль слева",$ 167 000,https://im.mashina.kg/tachka/images//5/0/b/50b10a59a20c540d41f63e6719950c96_240x180.jpg
JCB 4CX,"2020 г.,дизель,руль слева",$ 117 000,https://im.mashina.kg/tachka/images//e/f/f/eff1240d4a7d756e6fc0ac5163fe1155_240x180.jpg
JCB Гусеничные,"2020 г.,дизель,руль слева",$ 215 000,https://im.mashina.kg/tachka/images//d/e/b/deb52b7092b066a56b8a1e8044537416_240x180.jpg
Hyundai Колесные,"2011 г.,дизель,руль слева, 17 500 км",$ 70 000,https://im.mashina.kg/tachka/images//a/c/2/ac2f567b8cd14da5642be5d25488a22d_240x180.jpg
Volvo EW,"2004 г.,дизель,руль слева",$ 34 000,https://im.mashina.kg/tachka/images//8/4/6/84687a8c4d087bbbe7f3b810e2a860a5_240x180.jpg
Hyundai Колесные,"2019 г.,дизель,руль слева, 3 100 км",$ 65 000,https://im.mashina.kg/tachka/images//a/4/c/a4c32ae75f998647b4df7147788991cb_240x180.jpg
Hyundai Колесные,"2014 г.,дизель,руль слева, 11 665 км",$ 48 000,https://im.mashina.kg/tachka/images//d/2/e/d2e5f82b86f689ea1dd66b20feb6885f_240x180.jpg
Samsung MX,"1994 г.,дизель,руль слева",$ 17 500,https://im.mashina.kg/tachka/images//f/4/0/f4015e5619a7cb1156f3c7c9f2f8d4c1_240x180.jpg
Hyundai R380,"2011 г.,дизель,руль слева, 18 244 км",$ 80 000,https://im.mashina.kg/tachka/images//6/e/d/6ed53b28072ca6a058ab27d0729423b8_240x180.jpg
Hyundai Колесные,"2011 г.,дизель,руль слева, 17 000 км",$ 47 000,https://im.mashina.kg/tachka/images//b/1/c/b1cb0296e6d0363625fcbbff6e2212e6_240x180.jpg
Hyundai Колесные,"2012 г.,дизель,руль слева, 13 712 км",$ 55 000,https://im.mashina.kg/tachka/images//6/d/0/6d0f3486f3cae9852a09e13e6c02cbcf_240x180.jpg
Hyundai Колесные,"2010 г.,дизель,руль слева",$ 40 000,https://im.mashina.kg/tachka/images//d/b/7/db7d492a53caf3bf2e45de82a6c286d9_240x180.jpg
Hyundai Колесные,"2013 г.,дизель,руль слева, 12 754 км",$ 57 000,https://im.mashina.kg/tachka/images//2/b/1/2b1abdc7131c022f5a8deb6c3a51be9e_240x180.jpg
Volvo EW,"2012 г.,дизель,руль слева, 18 000 км",$ 56 000,https://im.mashina.kg/tachka/images//0/6/c/06c1ebaa1fb17296414c194ce2b566e3_240x180.jpg
Hyundai Гусеничные,"2017 г.,дизель,руль слева, 3 600 км",$ 21 000,https://im.mashina.kg/tachka/images//2/5/9/2590e45297b6a6ba8fb961c3cc1264bf_240x180.jpg
Volvo EW,"2009 г.,дизель,руль слева, 21 000 км",$ 42 000,https://im.mashina.kg/tachka/images//5/3/7/5370ae6fd8217eeb795c1978b8f98b5e_240x180.jpg
Hyundai R300LC,"2012 г.,дизель,руль слева, 14 255 км",$ 70 000,https://im.mashina.kg/tachka/images//f/e/0/fe02946da0b22b3dced49e8e5c19b5dd_240x180.jpg
Hyundai Колесные,"2017 г.,дизель,руль слева, 8 000 км",$ 54 000,https://im.mashina.kg/tachka/images//6/a/d/6adf2a04d8fee5a59cb04b5aff783421_240x180.jpg
Hyundai Гусеничные,"2008 г.,дизель,руль слева",$ 90 000,https://im.mashina.kg/tachka/images//9/1/b/91b337369fb6fbec9a30b8fe8d90f898_240x180.jpg
Hyundai Колесные,"2010 г.,дизель,руль слева, 11 000 км",$ 50 000,https://im.mashina.kg/tachka/images//f/9/4/f9418113f24ea7e5205a4873e5155815_240x180.jpg
Hyundai Колесные,"2012 г.,дизель,руль слева, 16 000 км",$ 54 000,https://im.mashina.kg/tachka/images//6/1/d/61ddcac57dd0b5b55788b84bcc0d5f55_240x180.jpg
Hyundai Колесные,"2017 г.,дизель,руль слева, 5 600 км",$ 49 000,https://im.mashina.kg/tachka/images//2/6/e/26e840e7a07fcc431bbb12662e12cbb7_240x180.jpg
Hyundai Колесные,"2012 г.,дизель,руль слева, 12 000 км",$ 68 000,https://im.mashina.kg/tachka/images//7/c/5/7c52752742f2f03724a54ec29847bc3f_240x180.jpg
Hyundai R300LC,"2015 г.,дизель,руль слева, 12 000 км",$ 93 000,https://im.mashina.kg/tachka/images//e/2/d/e2d9b9c553436a12faef15269babf86f_240x180.jpg
Hyundai Колесные,"2002 г.,дизель,руль слева",$ 28 000,https://im.mashina.kg/tachka/images//4/a/d/4ad209cd1de6b5b6b596556cb06ca26e_240x180.jpg
Volvo BL,"1999 г.,дизель,руль слева",$ 38 000,https://im.mashina.kg/tachka/images//b/8/5/b85171d7b8f30ebb8711c27628d4591e_240x180.jpg
LiuGong CLG,"2022 г.,дизель,руль слева",$ 157 000,https://im.mashina.kg/tachka/images//1/1/6/116ea375406e7ae7e40feee6c32a91cd_240x180.jpg
Samsung MX,"1996 г.,дизель,руль слева",$ 19 539,https://im.mashina.kg/tachka/images//8/2/1/82117035f0631a8106dc7a3931d58c3d_240x180.jpg
Doosan DX,"2012 г.,дизель,руль слева",$ 65 000,https://im.mashina.kg/tachka/images//9/2/f/92f7afe67d730d3903a3d78a28d57fbd_240x180.jpg
Hyundai Колесные,"2010 г.,дизель,руль слева, 15 000 км",$ 33 000,https://im.mashina.kg/tachka/images//6/9/f/69ffb53d705bc94582345c7e20fcb5e1_240x180.jpg
Hyundai Колесные,"2004 г.,дизель,руль слева",$ 28 000,https://im.mashina.kg/tachka/images//2/7/b/27b9775c95eb3e5a5b93f2e306d49b1e_240x180.jpg
Doosan Solar,"2012 г.,дизель,руль слева, 17 000 км",$ 85 000,https://im.mashina.kg/tachka/images//4/6/d/46dbd667f66dcfe8493d83276e4a4c9e_240x180.jpg
Hyundai Гусеничные,"2012 г.,дизель,руль слева, 14 000 км",$ 97 000,https://im.mashina.kg/tachka/images//b/a/6/ba6ce85504b96a4c709b4395ec67ebe7_240x180.jpg
Hyundai Колесные,"2004 г.,дизель,руль слева",$ 25 000,
Hyundai Колесные,"2013 г.,дизель,руль слева",$ 52 000,https://im.mashina.kg/tachka/images//4/3/9/439a5c88e748d0fe9b4c169fb175b61c_240x180.jpg
Komatsu PC 30 MR,"1993 г.,дизель,руль слева",$ 12 366,https://im.mashina.kg/tachka/images//5/6/8/568a6bae4f9b83b71e292fa19bd6ac6d_240x180.jpg
Volvo BL,"2012 г.,дизель,руль слева",$ 90 000,https://im.mashina.kg/tachka/images//5/d/f/5df44572857f8b5557e77ba99f663f20_240x180.jpg
Hyundai Колесные,"2012 г.,дизель,руль слева, 10 070 км",$ 47 000,https://im.mashina.kg/tachka/images//8/1/7/8177fde35cc36fd7c64954b8f461045b_240x180.jpg
Hyundai Колесные,"2013 г.,дизель,руль слева, 11 265 км",$ 41 000,https://im.mashina.kg/tachka/images//e/7/2/e72a55c000c2c0a93e011427bd9a163d_240x180.jpg
Hyundai Колесные,"2013 г.,дизель,руль слева",$ 41 000,https://im.mashina.kg/tachka/images//6/0/d/60dbb5312f4ac21857caf8e50f95e8a5_240x180.jpg
Hyundai Колесные,"2008 г.,бензин,руль слева",$ 35 000,https://im.mashina.kg/tachka/images//2/6/b/26b1116776fc7d3ff8f02d07e0850465_240x180.jpg
Samsung MX,"1999 г.,дизель,руль слева",$ 32 000,https://im.mashina.kg/tachka/images//f/c/5/fc5e7a196f7c0150b5d0c1fbd14854c5_240x180.jpg
Fermec 965,"1996 г.,дизель,руль слева, 6 000 км",$ 30 000,https://im.mashina.kg/tachka/images//c/6/2/c62bd0367f76ff8323ada4db22d71f21_240x180.jpg
Hyundai Колесные,"2010 г.,дизель,руль слева, 18 000 км",$ 60 000,https://im.mashina.kg/tachka/images//4/9/4/49498c95171681329f019dba67d3ff6e_240x180.jpg
Hyundai Колесные,"2011 г.,дизель,руль слева",$ 68 000,https://im.mashina.kg/tachka/images//1/2/9/12991bd07274039ffa0c340d18f82242_240x180.jpg
Komatsu WB97R,"1997 г.,дизель,руль слева",$ 38 000,https://im.mashina.kg/tachka/images//2/b/0/2b09ebea208cb3d35ac6d5ccc85c8b07_240x180.jpg
ЭО 5225,"1987 г.,дизель,руль справа, 10 000 км",$ 10 000,https://im.mashina.kg/tachka/images//5/a/b/5abb547e0b9006bf39502f7828b579f7_240x180.jpg
ЭО 4111,"1989 г.,дизель,руль справа",$ 16 500,https://im.mashina.kg/tachka/images//f/a/5/fa505a9a0a5f0bf03610a0fb0a7babab_240x180.jpg
JCB 3CX,"2022 г.,дизель,руль слева",$ 88 000,https://im.mashina.kg/tachka/images//5/f/0/5f0e9a6753dc1f198cef09f7c585f6ba_240x180.jpg
Hitachi Гусеничные,"2019 г.,дизель,руль слева, 4 131 км",$ 74 910,https://im.mashina.kg/tachka/images//f/b/a/fba826f6cc7c33ffa1f98751eaca8a3b_240x180.jpg
Doosan DX,"2019 г.,дизель,руль слева, 4 131 км",$ 74 910,https://im.mashina.kg/tachka/images//c/7/a/c7a6c8f93799813d58f8b71ffcc6cb8e_240x180.jpg
Samsung MX,"1997 г.,дизель,руль слева",$ 21 000,https://im.mashina.kg/tachka/images//7/9/0/790d378cd7d694cad9b27f1071abe471_240x180.jpg
Volvo EW,"2003 г.,дизель,руль слева",$ 40 000,https://im.mashina.kg/tachka/images//a/5/c/a5c136681bc848c50ad05d2855ac9b55_240x180.jpg
Case Колесные,"1988 г.,дизель,руль слева, 5 000 км",$ 30 000,https://im.mashina.kg/tachka/images//6/0/2/6026d77dacf9be37ff07eeb1e64f55b0_240x180.jpg
Samsung MX,"2000 г.,дизель,руль слева, 111 111 км",$ 31 500,https://im.mashina.kg/tachka/images//5/c/b/5cbd7e3c6eb83ebdf01cdbeec3c368f5_240x180.jpg
Hyundai Колесные,"2007 г.,дизель,руль слева, 9 000 км",$ 33 000,https://im.mashina.kg/tachka/images//4/5/c/45c0e67a63e5462950241c15c0e9bc83_240x180.jpg
Hyundai R380,"2006 г.,дизель,руль слева",$ 60 000,https://im.mashina.kg/tachka/images//1/c/2/1c28cf4cdef23741fb88fa70029185f6_240x180.jpg
Caterpillar Гусеничные,"1997 г.,дизель,руль слева",$ 18 000,https://im.mashina.kg/tachka/images//0/f/c/0fcc7153cdb6fd77f560b7beeb810077_240x180.jpg
Samsung MX,"1998 г.,дизель,руль слева",$ 32 000,https://im.mashina.kg/tachka/images//a/d/9/ad9d4725fecd506102ee091a254b4e2c_240x180.jpg
Caterpillar Гусеничные,"2002 г.,дизель,руль слева",$ 55 000,https://im.mashina.kg/tachka/images//f/6/0/f600b9204edd2144f0d3d15dec543db1_240x180.jpg
Hyundai Колесные,"2012 г.,дизель,руль слева",$ 25 000,https://im.mashina.kg/tachka/images//9/f/0/9f057e4731ab1c7835db1e0e07d7e91a_240x180.jpg
Caterpillar Колёсные,"2003 г.,дизель,руль слева",$ 37 099,https://im.mashina.kg/tachka/images//4/c/4/4c49a93621b6a0cb54eecbed498be13a_240x180.jpg
Samsung MX,"2002 г.,дизель,руль справа",$ 23 000,https://im.mashina.kg/tachka/images//b/b/4/bb454f59147c0d43ff6fbde15e65d513_240x180.jpg
Volvo BL,"2002 г.,дизель,руль слева",$ 23 000,
Hyundai Колесные,"2010 г.,дизель,руль слева, 16 500 км",$ 66 000,https://im.mashina.kg/tachka/images//7/9/e/79e1413efb8db9e636a7d238cf1a6ce7_240x180.jpg
Hyundai Колесные,"2012 г.,дизель,руль слева, 20 000 км",$ 24 500,https://im.mashina.kg/tachka/images//b/d/f/bdf3bc7b9419edd4badfe505172abc3d_240x180.jpg
Hyundai Колесные,"2014 г.,дизель,руль слева, 5 000 км",$ 41 000,https://im.mashina.kg/tachka/images//3/d/6/3d64f25d9508c8e6151977859e1f6909_240x180.jpg
Hyundai Колесные,"2004 г.,дизель,руль слева",$ 40 000,https://im.mashina.kg/tachka/images//f/f/b/ffb7a22638137e389ea47ee83d0e26a5_240x180.jpg
Hyundai Колесные,"2011 г.,дизель,руль слева, 18 000 км",$ 60 000,https://im.mashina.kg/tachka/images//c/1/f/c1f8fd30273e50f450d5550031e14928_240x180.jpg
Hyundai H940S,"2008 г.,дизель,руль слева, 123 456 км",$ 32 000,https://im.mashina.kg/tachka/images//4/4/1/441fb483914a79ddab4e3401e24e8eae_240x180.jpg
Hyundai Гусеничные,"2010 г.,дизель,руль справа",$ 90 000,
Volvo EW,"2005 г.,дизель,руль слева",$ 35 000,https://im.mashina.kg/tachka/images//8/0/9/8091a301c8f0df80a0f175fa47765935_240x180.jpg
Volvo EW,"2008 г.,дизель,руль слева",$ 45 000,https://im.mashina.kg/tachka/images//c/1/6/c16f06fe58241975957d25adc13e4d08_240x180.jpg
Volvo EW,"2004 г.,дизель,руль слева",$ 46 992,https://im.mashina.kg/tachka/images//a/d/c/adcb21979e00f38971807597b51b5ec4_240x180.jpg
Hyundai Колесные,"2012 г.,дизель,руль слева, 10 000 км",$ 2 200,https://im.mashina.kg/tachka/images//8/2/2/8229b65f8588a908bb123dbfc67f9f9e_240x180.jpg
Hyundai Колесные,"2017 г.,дизель,руль слева, 10 000 км",$ 1 200,https://im.mashina.kg/tachka/images//f/b/2/fb2d6924cd160e70a2b5bd771b9a6173_240x180.jpg
Hyundai Колесные,"2014 г.,дизель,руль слева, 4 500 км",$ 45 000,https://im.mashina.kg/tachka/images//1/9/a/19a46431702214cf9a3679b0d9132bf1_240x180.jpg
Hyundai Колесные,"2010 г.,дизель,руль слева, 11 000 км",$ 41 000,https://im.mashina.kg/tachka/images//c/a/9/ca9fcc80e2f92c6a0ee21213bcf29edb_240x180.jpg
Caterpillar Гусеничные,"2005 г.,дизель,руль слева",$ 16 968,https://im.mashina.kg/tachka/images//a/5/8/a58069af9f762fd14fd779a30af3ff49_240x180.jpg
XCMG WZ,"2012 г.,дизель,руль слева",$ 26 000,https://im.mashina.kg/tachka/images//a/c/9/ac9647221a4c5cf58a8f0dadfdfbd0eb_240x180.jpg
Hyundai Колесные,"2022 г.,дизель,руль справа",$ 65 000,https://im.mashina.kg/tachka/images//2/3/6/236a919f55fb73f66aabd0c2994fa880_240x180.jpg
Rhinoceros-Xiniu XNW,"2015 г.,дизель,руль слева",$ 26 000,https://im.mashina.kg/tachka/images//5/c/4/5c47e2612e1df398aa5036b3afaa3a77_240x180.jpg
XCMG XT,"2013 г.,дизель,руль слева",$ 26 000,https://im.mashina.kg/tachka/images//5/6/3/5630e97959ca6ce349a23208fe29515d_240x180.jpg
Hitachi Гусеничные,"2014 г.,дизель,руль слева",$ 55 000,https://im.mashina.kg/tachka/images//5/3/2/5329011a6d61ced022e2f865e268790d_240x180.jpg
Volvo EW,"2010 г.,дизель,руль слева",$ 55 000,https://im.mashina.kg/tachka/images//4/7/d/47d6e3eaa843424c4943328199768a3b_240x180.jpg
Hyundai R300LC,"2007 г.,бензин,руль слева",$ 62 000,https://im.mashina.kg/tachka/images//1/d/9/1d97f082b137f6c3c22b79ad2d2529f3_240x180.jpg
Hyundai Колесные,"2010 г.,дизель,руль слева",$ 30 000,https://im.mashina.kg/tachka/images//2/e/a/2eafd72b684339753bf296e294437299_240x180.jpg
Hyundai Колесные,"2013 г.,дизель,руль слева, 13 635 км",$ 58 500,https://im.mashina.kg/tachka/images//5/c/c/5ccc83b8c7ccd5711a9e3cb909f530eb_240x180.jpg
Yanmar VIO,"2004 г.,дизель,руль слева",$ 20 000,https://im.mashina.kg/tachka/images//9/3/4/93453ae7f4b7c6a125d711b78ee0723d_240x180.jpg
Komatsu PW95,"2008 г.,дизель,руль слева, 10 000 км",$ 50 000,https://im.mashina.kg/tachka/images//e/2/8/e28c80627e61bcd328874ad0c095c09a_240x180.jpg
Hyundai Колесные,"2011 г.,дизель,руль слева, 12 000 км",$ 37 500,https://im.mashina.kg/tachka/images//0/3/0/03080bed8ffc972ed45f0f08c97bc8bc_240x180.jpg
Caterpillar Экскаваторы-погрузчики,"1997 г.,дизель,руль слева, 4 000 км",$ 27 999,https://im.mashina.kg/tachka/images//c/9/2/c9269481be54620cd55c6ba6e06da637_240x180.jpg
Hyundai Колесные,"2013 г.,дизель,руль слева, 14 500 км",$ 68 000,https://im.mashina.kg/tachka/images//3/9/5/395c55f039651d1381ec2c2da97c263b_240x180.jpg
Hyundai Колесные,"2012 г.,дизель,руль слева",$ 60 000,https://im.mashina.kg/tachka/images//4/7/1/4717e3ebfe5cc9d36303e791de10bf5f_240x180.jpg
XCMG WZ,"2013 г.,дизель,руль слева",$ 17 000,https://im.mashina.kg/tachka/images//9/e/f/9ef1a66b1ee951cdc43779a71bafcb2c_240x180.jpg
Hyundai Колесные,"2013 г.,дизель,руль слева, 11 500 км",$ 48 000,https://im.mashina.kg/tachka/images//e/a/c/eaca6a818361784f968b3817ae81a71b_240x180.jpg
Hyundai Колесные,"2013 г.,дизель,руль слева, 12 000 км",$ 66 000,https://im.mashina.kg/tachka/images//8/3/3/833872210ef99ec128f09f5061806de7_240x180.jpg
